{"test_accuracy": 0.9365979381443299, "test_precision_weighted": 0.93986165708818, "test_recall_weighted": 0.9365979381443299, "test_f1_weighted": 0.9365057040580845, "test_auc": 0.9769071388495418}