{"test_accuracy": 0.9547614957338373, "test_precision_weighted": 0.9558482235231072, "test_recall_weighted": 0.9547614957338373, "test_f1_weighted": 0.9547297876793306, "test_auc": 0.9868264879305593}