{"test_accuracy": 0.9559489030188463, "test_precision_weighted": 0.9571245904834763, "test_recall_weighted": 0.9559489030188463, "test_f1_weighted": 0.9559195545299064, "test_auc": 0.9868930721936396}